id,identifier,generation_id,evolves_from_species_id,evolution_chain_id,color_id,shape_id,habitat_id,gender_rate,capture_rate,base_happiness,is_baby,hatch_counter,has_gender_differences,growth_rate_id,forms_switchable,order,conquest_order
1,bulbasaur,1,,1,5,8,3,1,45,70,0,20,0,4,0,1,null
2,ivysaur,1,1,1,5,8,3,1,45,70,0,20,0,4,0,2,null
3,venusaur,1,2,1,5,8,3,1,45,70,0,20,1,4,1,3,null
4,charmander,1,,2,8,6,4,1,45,70,0,20,0,4,0,4,109
5,charmeleon,1,4,2,8,6,4,1,45,70,0,20,0,4,0,5,110
6,charizard,1,5,2,8,6,4,1,45,70,0,20,0,4,1,6,111
7,squirtle,1,,3,2,6,9,1,45,70,0,20,0,4,0,7,null
8,wartortle,1,7,3,2,6,9,1,45,70,0,20,0,4,0,8,null
9,blastoise,1,8,3,2,6,9,1,45,70,0,20,0,4,1,9,null
10,caterpie,1,,4,5,2,2,4,255,70,0,15,0,2,0,10,null
11,metapod,1,10,4,5,2,2,4,120,70,0,15,0,2,0,11,null
12,butterfree,1,11,4,9,13,2,4,45,70,0,15,1,2,0,12,null
13,weedle,1,,5,3,2,2,4,255,70,0,15,0,2,0,13,null
14,kakuna,1,13,5,10,2,2,4,120,70,0,15,0,2,0,14,null
15,beedrill,1,14,5,10,13,2,4,45,70,0,15,0,2,0,15,177
16,pidgey,1,,6,3,9,2,4,255,70,0,15,0,4,0,16,null
17,pidgeotto,1,16,6,3,9,2,4,120,70,0,15,0,4,0,17,null
18,pidgeot,1,17,6,3,9,2,4,45,70,0,15,0,4,0,18,null
19,rattata,1,,7,7,8,3,4,255,70,0,15,1,2,0,19,null
20,raticate,1,19,7,3,8,3,4,127,70,0,15,1,2,0,20,null
21,spearow,1,,8,3,9,6,4,255,70,0,15,0,2,0,21,null
22,fearow,1,21,8,3,9,6,4,90,70,0,15,0,2,0,22,null
23,ekans,1,,9,7,2,3,4,255,70,0,20,0,2,0,23,54
24,arbok,1,23,9,7,2,3,4,90,70,0,20,0,2,0,24,55
25,pikachu,1,172,10,10,8,2,4,190,70,0,10,1,2,0,26,16
26,raichu,1,25,10,10,6,2,4,75,70,0,10,1,2,0,27,17
27,sandshrew,1,,11,10,6,6,4,255,70,0,20,0,2,0,28,null
28,sandslash,1,27,11,10,6,6,4,90,70,0,20,0,2,0,29,null
29,nidoran-f,1,,12,2,8,3,8,235,70,0,20,0,4,0,30,null
30,nidorina,1,29,12,2,8,3,8,120,70,0,20,0,4,0,31,null
31,nidoqueen,1,30,12,2,6,3,8,45,70,0,20,0,4,0,32,null
32,nidoran-m,1,,13,7,8,3,0,235,70,0,20,0,4,0,33,null
33,nidorino,1,32,13,7,8,3,0,120,70,0,20,0,4,0,34,null
34,nidoking,1,33,13,7,6,3,0,45,70,0,20,0,4,0,35,null
35,clefairy,1,173,14,6,6,4,6,150,140,0,10,0,3,0,37,null
36,clefable,1,35,14,6,6,4,6,25,140,0,10,0,3,0,38,null
37,vulpix,1,,15,3,8,3,6,190,70,0,20,0,2,0,39,null
38,ninetales,1,37,15,10,8,3,6,75,70,0,20,0,2,0,40,null
39,jigglypuff,1,174,16,6,12,3,6,170,70,0,10,0,3,0,42,21
40,wigglytuff,1,39,16,6,12,3,6,50,70,0,10,0,3,0,43,22
41,zubat,1,,17,7,9,1,4,255,70,0,15,1,2,0,44,23
42,golbat,1,41,17,7,9,1,4,90,70,0,15,1,2,0,45,24
43,oddish,1,,18,2,7,3,4,255,70,0,20,0,4,0,47,null
44,gloom,1,43,18,2,12,3,4,120,70,0,20,1,4,0,48,null
45,vileplume,1,44,18,8,12,3,4,45,70,0,20,1,4,0,49,null
46,paras,1,,19,8,14,2,4,190,70,0,20,0,2,0,51,null
47,parasect,1,46,19,8,14,2,4,75,70,0,20,0,2,0,52,null
48,venonat,1,,20,7,12,2,4,190,70,0,20,0,2,0,53,null
49,venomoth,1,48,20,7,13,2,4,75,70,0,20,0,2,0,54,null
50,diglett,1,,21,3,5,1,4,255,70,0,20,0,2,0,55,null
51,dugtrio,1,50,21,3,11,1,4,50,70,0,20,0,2,0,56,null
52,meowth,1,,22,10,8,8,4,255,70,0,20,0,2,0,57,58
53,persian,1,52,22,10,8,8,4,90,70,0,20,0,2,0,58,59
54,psyduck,1,,23,10,6,9,4,190,70,0,20,0,2,0,59,null
55,golduck,1,54,23,2,6,9,4,75,70,0,20,0,2,0,60,null
56,mankey,1,,24,3,6,4,4,190,70,0,20,0,2,0,61,null
57,primeape,1,56,24,3,6,4,4,75,70,0,20,0,2,0,62,null
58,growlithe,1,,25,3,8,3,2,190,70,0,20,0,1,0,63,null
59,arcanine,1,58,25,3,8,3,2,75,70,0,20,0,1,0,64,null
60,poliwag,1,,26,2,7,9,4,255,70,0,20,0,4,0,65,null
61,poliwhirl,1,60,26,2,12,9,4,120,70,0,20,0,4,0,66,null
62,poliwrath,1,61,26,2,12,9,4,45,70,0,20,0,4,0,67,null
63,abra,1,,27,3,6,8,2,200,70,0,20,0,4,0,69,127
64,kadabra,1,63,27,3,6,8,2,100,70,0,20,1,4,0,70,128
65,alakazam,1,64,27,3,12,8,2,50,70,0,20,1,4,1,71,129
66,machop,1,,28,4,6,4,2,180,70,0,20,0,4,0,72,98
67,machoke,1,66,28,4,12,4,2,90,70,0,20,0,4,0,73,99
68,machamp,1,67,28,4,12,4,2,45,70,0,20,0,4,0,74,100
69,bellsprout,1,,29,5,12,2,4,255,70,0,20,0,4,0,75,null
70,weepinbell,1,69,29,5,5,2,4,120,70,0,20,0,4,0,76,null
71,victreebel,1,70,29,5,5,2,4,45,70,0,20,0,4,0,77,null
72,tentacool,1,,30,2,10,7,4,190,70,0,20,0,1,0,78,null
73,tentacruel,1,72,30,2,10,7,4,60,70,0,20,0,1,0,79,null
74,geodude,1,,31,3,4,4,4,255,70,0,15,0,4,0,80,null
75,graveler,1,74,31,3,12,4,4,120,70,0,15,0,4,0,81,null
76,golem,1,75,31,3,12,4,4,45,70,0,15,0,4,0,82,null
77,ponyta,1,,32,10,8,3,4,190,70,0,20,0,2,0,83,null
78,rapidash,1,77,32,10,8,3,4,60,70,0,20,0,2,0,84,null
79,slowpoke,1,,33,6,8,9,4,190,70,0,20,0,2,0,85,null
80,slowbro,1,79,33,6,6,9,4,75,70,0,20,0,2,0,86,null
81,magnemite,1,,34,4,4,6,-1,190,70,0,20,0,2,0,88,null
82,magneton,1,81,34,4,11,6,-1,60,70,0,20,0,2,0,89,null
83,farfetchd,1,,35,3,9,3,4,45,70,0,20,0,2,0,91,null
84,doduo,1,,36,3,7,3,4,190,70,0,20,1,2,0,92,null
85,dodrio,1,84,36,3,7,3,4,45,70,0,20,1,2,0,93,null
86,seel,1,,37,9,3,7,4,190,70,0,20,0,2,0,94,null
87,dewgong,1,86,37,9,3,7,4,75,70,0,20,0,2,0,95,null
88,grimer,1,,38,7,4,8,4,190,70,0,20,0,2,0,96,null
89,muk,1,88,38,7,4,8,4,75,70,0,20,0,2,0,97,null
90,shellder,1,,39,7,1,7,4,190,70,0,20,0,1,0,98,null
91,cloyster,1,90,39,7,1,7,4,60,70,0,20,0,1,0,99,null
92,gastly,1,,40,7,1,1,4,190,70,0,20,0,4,0,100,112
93,haunter,1,92,40,7,4,1,4,90,70,0,20,0,4,0,101,113
94,gengar,1,93,40,7,6,1,4,45,70,0,20,0,4,1,102,114
95,onix,1,,41,4,2,1,4,45,70,0,25,0,2,0,103,175
96,drowzee,1,,42,10,12,3,4,190,70,0,20,0,2,0,105,null
97,hypno,1,96,42,10,12,3,4,75,70,0,20,1,2,0,106,null
98,krabby,1,,43,8,14,9,4,225,70,0,20,0,2,0,107,null
99,kingler,1,98,43,8,14,9,4,60,70,0,20,0,2,0,108,null
100,voltorb,1,,44,8,1,8,-1,190,70,0,20,0,2,0,109,null
101,electrode,1,100,44,8,1,8,-1,60,70,0,20,0,2,0,110,null
102,exeggcute,1,,45,6,11,2,4,90,70,0,20,0,1,0,111,null
103,exeggutor,1,102,45,10,7,2,4,45,70,0,20,0,1,0,112,null
104,cubone,1,,46,3,6,4,4,190,70,0,20,0,2,0,113,null
105,marowak,1,104,46,3,6,4,4,75,70,0,20,0,2,0,114,null
106,hitmonlee,1,236,47,3,12,8,0,45,70,0,25,0,2,0,116,null
107,hitmonchan,1,236,47,3,12,8,0,45,70,0,25,0,2,0,117,null
108,lickitung,1,,48,6,6,3,4,45,70,0,20,0,2,0,119,null
109,koffing,1,,49,7,1,8,4,190,70,0,20,0,2,0,121,null
110,weezing,1,109,49,7,11,8,4,60,70,0,20,0,2,0,122,null
111,rhyhorn,1,,50,4,8,6,4,120,70,0,20,1,1,0,123,160
112,rhydon,1,111,50,4,6,6,4,60,70,0,20,1,1,0,124,161
113,chansey,1,440,51,6,6,8,8,30,140,0,40,0,3,0,127,null
114,tangela,1,,52,2,7,3,4,45,70,0,20,0,2,0,129,null
115,kangaskhan,1,,53,3,6,3,8,45,70,0,20,0,2,1,131,null
116,horsea,1,,54,2,5,7,4,225,70,0,20,0,2,0,132,null
117,seadra,1,116,54,2,5,7,4,75,70,0,20,0,2,0,133,null
118,goldeen,1,,55,8,3,9,4,225,70,0,20,1,2,0,135,null
119,seaking,1,118,55,8,3,9,4,60,70,0,20,1,2,0,136,null
120,staryu,1,,56,3,5,7,-1,225,70,0,20,0,1,0,137,null
121,starmie,1,120,56,7,5,7,-1,60,70,0,20,0,1,0,138,null
122,mr-mime,1,439,57,6,12,8,4,45,70,0,25,0,2,0,140,null
123,scyther,1,,58,5,13,3,4,45,70,0,25,1,2,0,141,188
124,jynx,1,238,59,8,12,8,8,45,70,0,25,0,2,0,144,null
125,electabuzz,1,239,60,10,6,3,2,45,70,0,25,0,2,0,146,null
126,magmar,1,240,61,8,6,4,2,45,70,0,25,0,2,0,149,null
127,pinsir,1,,62,3,12,2,4,45,70,0,25,0,1,1,151,null
128,tauros,1,,63,3,8,3,0,45,70,0,20,0,1,0,152,null
129,magikarp,1,,64,8,3,9,4,255,70,0,5,1,1,0,153,13
130,gyarados,1,129,64,2,2,9,4,45,70,0,5,1,1,1,154,14
131,lapras,1,,65,2,3,7,4,45,70,0,40,0,1,0,155,190
132,ditto,1,,66,7,1,8,-1,35,70,0,20,0,2,0,156,null
133,eevee,1,,67,3,8,8,1,45,70,0,35,0,2,0,157,1
134,vaporeon,1,133,67,2,8,8,1,45,70,0,35,0,2,0,158,2
135,jolteon,1,133,67,10,8,8,1,45,70,0,35,0,2,0,159,3
136,flareon,1,133,67,8,8,8,1,45,70,0,35,0,2,0,160,4
137,porygon,1,,68,6,7,8,-1,45,70,0,20,0,2,0,166,null
138,omanyte,1,,69,2,10,7,1,45,70,0,30,0,2,0,169,null
139,omastar,1,138,69,2,10,7,1,45,70,0,30,0,2,0,170,null
140,kabuto,1,,70,3,14,7,1,45,70,0,30,0,2,0,171,null
141,kabutops,1,140,70,3,6,7,1,45,70,0,30,0,2,0,172,null
142,aerodactyl,1,,71,7,9,4,1,45,70,0,35,0,1,1,173,null
143,snorlax,1,446,72,1,12,4,1,25,70,0,40,0,1,0,175,179
144,articuno,1,,73,2,9,5,-1,3,35,0,80,0,1,0,176,192
145,zapdos,1,,74,10,9,5,-1,3,35,0,80,0,1,0,177,null
146,moltres,1,,75,10,9,5,-1,3,35,0,80,0,1,0,178,null
147,dratini,1,,76,2,2,9,4,45,35,0,40,0,1,0,179,76
148,dragonair,1,147,76,2,2,9,4,45,35,0,40,0,1,0,180,77
149,dragonite,1,148,76,3,6,9,4,45,35,0,40,0,1,0,181,78
150,mewtwo,1,,77,7,6,5,-1,3,0,0,120,0,1,1,182,196
151,mew,1,,78,6,6,5,-1,45,100,0,120,0,4,0,183,null
152,chikorita,2,,79,5,8,3,1,45,70,0,20,0,4,0,184,null
153,bayleef,2,152,79,5,8,3,1,45,70,0,20,0,4,0,185,null
154,meganium,2,153,79,5,8,3,1,45,70,0,20,1,4,0,186,null
155,cyndaquil,2,,80,10,12,3,1,45,70,0,20,0,4,0,187,null
156,quilava,2,155,80,10,8,3,1,45,70,0,20,0,4,0,188,null
157,typhlosion,2,156,80,10,8,3,1,45,70,0,20,0,4,0,189,null
158,totodile,2,,81,2,6,9,1,45,70,0,20,0,4,0,190,null
159,croconaw,2,158,81,2,6,9,1,45,70,0,20,0,4,0,191,null
160,feraligatr,2,159,81,2,6,9,1,45,70,0,20,0,4,0,192,null
161,sentret,2,,82,3,8,3,4,255,70,0,15,0,2,0,193,null
162,furret,2,161,82,3,8,3,4,90,70,0,15,0,2,0,194,null
163,hoothoot,2,,83,3,9,2,4,255,70,0,15,0,2,0,195,null
164,noctowl,2,163,83,3,9,2,4,90,70,0,15,0,2,0,196,null
165,ledyba,2,,84,8,9,2,4,255,70,0,15,1,3,0,197,null
166,ledian,2,165,84,8,9,2,4,90,70,0,15,1,3,0,198,null
167,spinarak,2,,85,5,14,2,4,255,70,0,15,0,3,0,199,null
168,ariados,2,167,85,8,14,2,4,90,70,0,15,0,3,0,200,null
169,crobat,2,42,17,7,13,1,4,90,70,0,15,0,2,0,46,25
170,chinchou,2,,86,2,3,7,4,190,70,0,20,0,1,0,201,null
171,lanturn,2,170,86,2,3,7,4,75,70,0,20,0,1,0,202,null
172,pichu,2,,10,10,8,2,4,190,70,1,10,0,2,0,25,15
173,cleffa,2,,14,6,6,4,6,150,140,1,10,0,3,0,36,null
174,igglybuff,2,,16,6,12,3,6,170,70,1,10,0,3,0,41,20
175,togepi,2,,87,9,12,2,1,190,70,1,10,0,3,0,203,null
176,togetic,2,175,87,9,12,2,1,75,70,0,10,0,3,0,204,null
177,natu,2,,88,5,9,2,4,190,70,0,20,0,2,0,206,null
178,xatu,2,177,88,5,9,2,4,75,70,0,20,1,2,0,207,null
179,mareep,2,,89,9,8,3,4,235,70,0,20,0,4,0,208,45
180,flaaffy,2,179,89,6,6,3,4,120,70,0,20,0,4,0,209,46
181,ampharos,2,180,89,10,6,3,4,45,70,0,20,0,4,1,210,47
182,bellossom,2,44,18,5,12,3,4,45,70,0,20,0,4,0,50,null
183,marill,2,298,90,2,6,9,4,190,70,0,10,0,3,0,212,null
184,azumarill,2,183,90,2,6,9,4,75,70,0,10,0,3,0,213,null
185,sudowoodo,2,438,91,3,12,2,4,65,70,0,20,1,2,0,215,null
186,politoed,2,61,26,5,12,9,4,45,70,0,20,1,4,0,68,null
187,hoppip,2,,92,6,6,3,4,255,70,0,20,0,4,0,216,null
188,skiploom,2,187,92,5,6,3,4,120,70,0,20,0,4,0,217,null
189,jumpluff,2,188,92,2,6,3,4,45,70,0,20,0,4,0,218,null
190,aipom,2,,93,7,6,2,4,45,70,0,20,1,3,0,219,null
191,sunkern,2,,94,10,1,3,4,235,70,0,20,0,4,0,221,null
192,sunflora,2,191,94,10,12,3,4,120,70,0,20,0,4,0,222,null
193,yanma,2,,95,8,13,2,4,75,70,0,20,0,2,0,223,null
194,wooper,2,,96,2,7,9,4,255,70,0,20,1,2,0,225,18
195,quagsire,2,194,96,2,6,9,4,90,70,0,20,1,2,0,226,19
196,espeon,2,133,67,7,8,8,1,45,70,0,35,0,2,0,161,5
197,umbreon,2,133,67,1,8,8,1,45,35,0,35,0,2,0,162,6
198,murkrow,2,,97,1,9,2,4,30,35,0,20,1,4,0,227,null
199,slowking,2,79,33,6,6,9,4,70,70,0,20,0,2,0,87,null
200,misdreavus,2,,98,4,1,1,4,45,35,0,25,0,3,0,229,183
201,unown,2,,99,1,1,5,-1,225,70,0,40,0,2,0,231,null
202,wobbuffet,2,360,100,2,5,1,4,45,70,0,20,1,2,0,233,null
203,girafarig,2,,101,10,8,3,4,60,70,0,20,1,2,0,234,null
204,pineco,2,,102,4,1,2,4,190,70,0,20,0,2,0,235,56
205,forretress,2,204,102,7,1,2,4,75,70,0,20,0,2,0,236,57
206,dunsparce,2,,103,10,2,1,4,190,70,0,20,0,2,0,237,null
207,gligar,2,,104,7,9,4,4,60,70,0,20,1,4,0,238,null
208,steelix,2,95,41,4,2,1,4,25,70,0,25,1,2,0,104,176
209,snubbull,2,,105,6,12,8,6,190,70,0,20,0,3,0,240,null
210,granbull,2,209,105,7,6,8,6,75,70,0,20,0,3,0,241,null
211,qwilfish,2,,106,4,3,7,4,45,70,0,20,0,2,0,242,null
212,scizor,2,123,58,8,13,3,4,25,70,0,25,1,2,1,142,189
213,shuckle,2,,107,10,14,4,4,190,70,0,20,0,4,0,243,null
214,heracross,2,,108,2,12,2,4,45,70,0,25,1,1,1,244,null
215,sneasel,2,,109,1,6,2,4,60,35,0,20,1,4,0,245,181
216,teddiursa,2,,110,3,6,4,4,120,70,0,20,0,2,0,247,null
217,ursaring,2,216,110,3,6,4,4,60,70,0,20,1,2,0,248,null
218,slugma,2,,111,8,2,4,4,190,70,0,20,0,2,0,249,null
219,magcargo,2,218,111,8,2,4,4,75,70,0,20,0,2,0,250,null
220,swinub,2,,112,3,8,1,4,225,70,0,20,0,1,0,251,null
221,piloswine,2,220,112,3,8,1,4,75,70,0,20,1,1,0,252,null
222,corsola,2,,113,6,14,7,6,60,70,0,20,0,3,0,254,null
223,remoraid,2,,114,4,3,7,4,190,70,0,20,0,2,0,255,null
224,octillery,2,223,114,8,10,7,4,75,70,0,20,1,2,0,256,null
225,delibird,2,,115,8,9,4,4,45,70,0,20,0,3,0,257,null
226,mantine,2,458,116,7,9,7,4,25,70,0,25,0,1,0,259,null
227,skarmory,2,,117,4,9,6,4,25,70,0,25,0,1,0,260,null
228,houndour,2,,118,1,8,6,4,120,35,0,20,0,1,0,261,null
229,houndoom,2,228,118,1,8,6,4,45,35,0,20,1,1,1,262,null
230,kingdra,2,117,54,2,5,7,4,45,70,0,20,0,2,0,134,null
231,phanpy,2,,119,2,8,6,4,120,70,0,20,0,2,0,263,null
232,donphan,2,231,119,4,8,6,4,60,70,0,20,1,2,0,264,null
233,porygon2,2,137,68,8,7,8,-1,45,70,0,20,0,2,0,167,null
234,stantler,2,,120,3,8,2,4,45,70,0,20,0,1,0,265,null
235,smeargle,2,,121,9,6,8,4,45,70,0,20,0,3,0,266,null
236,tyrogue,2,,47,7,12,8,0,75,70,1,25,0,2,0,115,null
237,hitmontop,2,236,47,3,6,8,0,45,70,0,25,0,2,0,118,null
238,smoochum,2,,59,6,12,8,8,45,70,1,25,0,2,0,143,null
239,elekid,2,,60,10,12,3,2,45,70,1,25,0,2,0,145,null
240,magby,2,,61,8,6,4,2,45,70,1,25,0,2,0,148,null
241,miltank,2,,122,6,6,3,8,45,70,0,20,0,1,0,267,null
242,blissey,2,113,51,6,12,8,8,30,140,0,40,0,3,0,128,null
243,raikou,2,,123,10,8,3,-1,3,35,0,80,0,1,0,268,null
244,entei,2,,124,3,8,3,-1,3,35,0,80,0,1,0,269,null
245,suicune,2,,125,2,8,3,-1,3,35,0,80,0,1,0,270,null
246,larvitar,2,,126,5,6,4,4,45,35,0,40,0,1,0,271,79
247,pupitar,2,246,126,4,2,4,4,45,35,0,40,0,1,0,272,80
248,tyranitar,2,247,126,5,6,4,4,45,35,0,40,0,1,1,273,81
249,lugia,2,,127,9,9,5,-1,3,0,0,120,0,1,0,274,null
250,ho-oh,2,,128,8,9,5,-1,3,0,0,120,0,1,0,275,null
251,celebi,2,,129,5,12,2,-1,45,100,0,120,0,4,0,276,null
252,treecko,3,,130,5,6,2,1,45,70,0,20,0,4,0,277,130
253,grovyle,3,252,130,5,6,2,1,45,70,0,20,0,4,0,278,131
254,sceptile,3,253,130,5,6,2,1,45,70,0,20,0,4,0,279,132
255,torchic,3,,131,8,7,3,1,45,70,0,20,1,4,0,280,null
256,combusken,3,255,131,8,6,3,1,45,70,0,20,1,4,0,281,null
257,blaziken,3,256,131,8,6,3,1,45,70,0,20,1,4,1,282,null
258,mudkip,3,,132,2,8,9,1,45,70,0,20,0,4,0,283,null
259,marshtomp,3,258,132,2,6,9,1,45,70,0,20,0,4,0,284,null
260,swampert,3,259,132,2,6,9,1,45,70,0,20,0,4,0,285,null
261,poochyena,3,,133,4,8,3,4,255,70,0,15,0,2,0,286,null
262,mightyena,3,261,133,4,8,3,4,127,70,0,15,0,2,0,287,null
263,zigzagoon,3,,134,3,8,3,4,255,70,0,15,0,2,0,288,null
264,linoone,3,263,134,9,8,3,4,90,70,0,15,0,2,0,289,null
265,wurmple,3,,135,8,2,2,4,255,70,0,15,0,2,0,290,null
266,silcoon,3,265,135,9,1,2,4,120,70,0,15,0,2,0,291,null
267,beautifly,3,266,135,10,13,2,4,45,70,0,15,1,2,0,292,null
268,cascoon,3,265,135,7,1,2,4,120,70,0,15,0,2,0,293,null
269,dustox,3,268,135,5,13,2,4,45,70,0,15,1,2,0,294,null
270,lotad,3,,136,5,14,9,4,255,70,0,15,0,4,0,295,null
271,lombre,3,270,136,5,12,9,4,120,70,0,15,0,4,0,296,null
272,ludicolo,3,271,136,5,12,9,4,45,70,0,15,1,4,0,297,null
273,seedot,3,,137,3,7,2,4,255,70,0,15,0,4,0,298,null
274,nuzleaf,3,273,137,3,12,2,4,120,70,0,15,1,4,0,299,null
275,shiftry,3,274,137,3,12,2,4,45,70,0,15,1,4,0,300,null
276,taillow,3,,138,2,9,3,4,200,70,0,15,0,4,0,301,null
277,swellow,3,276,138,2,9,3,4,45,70,0,15,0,4,0,302,null
278,wingull,3,,139,9,9,7,4,190,70,0,20,0,2,0,303,null
279,pelipper,3,278,139,10,9,7,4,45,70,0,20,0,2,0,304,null
280,ralts,3,,140,9,12,8,4,235,35,0,20,0,1,0,305,9
281,kirlia,3,280,140,9,12,8,4,120,35,0,20,0,1,0,306,10
282,gardevoir,3,281,140,9,12,8,4,45,35,0,20,0,1,1,307,11
283,surskit,3,,141,2,14,9,4,200,70,0,15,0,2,0,309,null
284,masquerain,3,283,141,2,13,9,4,75,70,0,15,0,2,0,310,null
285,shroomish,3,,142,3,7,2,4,255,70,0,15,0,6,0,311,null
286,breloom,3,285,142,5,6,2,4,90,70,0,15,0,6,0,312,null
287,slakoth,3,,143,3,8,2,4,255,70,0,15,0,1,0,313,null
288,vigoroth,3,287,143,9,6,2,4,120,70,0,15,0,1,0,314,null
289,slaking,3,288,143,3,12,2,4,45,70,0,15,0,1,0,315,null
290,nincada,3,,144,4,14,2,4,255,70,0,15,0,5,0,316,null
291,ninjask,3,290,144,10,13,2,4,120,70,0,15,0,5,0,317,null
292,shedinja,3,290,144,3,5,2,-1,45,70,0,15,0,5,0,318,null
293,whismur,3,,145,6,6,1,4,190,70,0,20,0,4,0,319,null
294,loudred,3,293,145,2,6,1,4,120,70,0,20,0,4,0,320,null
295,exploud,3,294,145,2,6,1,4,45,70,0,20,0,4,0,321,null
296,makuhita,3,,146,10,12,4,2,180,70,0,20,0,6,0,322,null
297,hariyama,3,296,146,3,12,4,2,200,70,0,20,0,6,0,323,null
298,azurill,3,,90,2,7,9,6,150,70,1,10,0,3,0,211,null
299,nosepass,3,,147,4,12,1,4,255,70,0,20,0,2,0,324,null
300,skitty,3,,148,6,8,2,6,255,70,0,15,0,3,0,326,null
301,delcatty,3,300,148,7,8,2,6,60,70,0,15,0,3,0,327,null
302,sableye,3,,149,7,12,1,4,45,35,0,25,0,4,0,328,null
303,mawile,3,,150,1,12,1,4,45,70,0,20,0,3,1,329,null
304,aron,3,,151,4,8,4,4,180,35,0,35,0,1,0,330,149
305,lairon,3,304,151,4,8,4,4,90,35,0,35,0,1,0,331,150
306,aggron,3,305,151,4,6,4,4,45,35,0,35,0,1,1,332,151
307,meditite,3,,152,2,12,4,4,180,70,0,20,1,2,0,333,null
308,medicham,3,307,152,8,12,4,4,90,70,0,20,1,2,1,334,null
309,electrike,3,,153,5,8,3,4,120,70,0,20,0,1,0,335,null
310,manectric,3,309,153,10,8,3,4,45,70,0,20,0,1,1,336,null
311,plusle,3,,154,10,6,3,4,200,70,0,20,0,2,0,337,null
312,minun,3,,155,10,6,3,4,200,70,0,20,0,2,0,338,null
313,volbeat,3,,156,4,6,2,0,150,70,0,15,0,5,0,339,null
314,illumise,3,,157,7,12,2,8,150,70,0,15,0,6,0,340,null
315,roselia,3,406,158,5,12,3,4,150,70,0,20,1,4,0,342,null
316,gulpin,3,,159,5,4,3,4,225,70,0,20,1,6,0,344,null
317,swalot,3,316,159,7,4,3,4,75,70,0,20,1,6,0,345,null
318,carvanha,3,,160,8,3,7,4,225,35,0,20,0,1,0,346,null
319,sharpedo,3,318,160,2,3,7,4,60,35,0,20,0,1,0,347,null
320,wailmer,3,,161,2,3,7,4,125,70,0,40,0,6,0,348,null
321,wailord,3,320,161,2,3,7,4,60,70,0,40,0,6,0,349,null
322,numel,3,,162,10,8,4,4,255,70,0,20,1,2,0,350,null
323,camerupt,3,322,162,8,8,4,4,150,70,0,20,1,2,0,351,null
324,torkoal,3,,163,3,8,4,4,90,70,0,20,0,2,0,352,null
325,spoink,3,,164,1,4,4,4,255,70,0,20,0,3,0,353,null
326,grumpig,3,325,164,7,6,4,4,60,70,0,20,0,3,0,354,null
327,spinda,3,,165,3,6,4,4,255,70,0,15,0,3,0,355,null
328,trapinch,3,,166,3,14,6,4,255,70,0,20,0,4,0,356,null
329,vibrava,3,328,166,5,13,6,4,120,70,0,20,0,4,0,357,null
330,flygon,3,329,166,5,9,6,4,45,70,0,20,0,4,0,358,null
331,cacnea,3,,167,5,12,6,4,190,35,0,20,0,4,0,359,null
332,cacturne,3,331,167,5,12,6,4,60,35,0,20,1,4,0,360,null
333,swablu,3,,168,2,9,2,4,255,70,0,20,0,5,0,361,null
334,altaria,3,333,168,2,9,2,4,45,70,0,20,0,5,0,362,null
335,zangoose,3,,169,9,6,3,4,90,70,0,20,0,5,0,363,null
336,seviper,3,,170,1,2,3,4,90,70,0,20,0,6,0,364,null
337,lunatone,3,,171,10,1,1,-1,45,70,0,25,0,3,0,365,null
338,solrock,3,,172,8,1,1,-1,45,70,0,25,0,3,0,366,null
339,barboach,3,,173,4,3,9,4,190,70,0,20,0,2,0,367,null
340,whiscash,3,339,173,2,3,9,4,75,70,0,20,0,2,0,368,null
341,corphish,3,,174,8,14,9,4,205,70,0,15,0,6,0,369,null
342,crawdaunt,3,341,174,8,14,9,4,155,70,0,15,0,6,0,370,null
343,baltoy,3,,175,3,4,6,-1,255,70,0,20,0,2,0,371,null
344,claydol,3,343,175,1,4,6,-1,90,70,0,20,0,2,0,372,null
345,lileep,3,,176,7,5,7,1,45,70,0,30,0,5,0,373,null
346,cradily,3,345,176,5,5,7,1,45,70,0,30,0,5,0,374,null
347,anorith,3,,177,4,14,9,1,45,70,0,30,0,5,0,375,171
348,armaldo,3,347,177,4,6,9,1,45,70,0,30,0,5,0,376,172
349,feebas,3,,178,3,3,9,4,255,70,0,20,0,5,0,377,null
350,milotic,3,349,178,6,2,9,4,60,70,0,20,1,5,0,378,null
351,castform,3,,179,9,1,3,4,45,70,0,25,0,2,1,379,null
352,kecleon,3,,180,5,6,2,4,200,70,0,20,0,4,0,380,null
353,shuppet,3,,181,1,1,8,4,225,35,0,25,0,3,0,381,null
354,banette,3,353,181,1,6,8,4,45,35,0,25,0,3,1,382,null
355,duskull,3,,182,1,4,2,4,190,35,0,25,0,3,0,383,69
356,dusclops,3,355,182,1,12,2,4,90,35,0,25,0,3,0,384,70
357,tropius,3,,183,5,8,2,4,200,70,0,25,0,1,0,386,null
358,chimecho,3,433,184,2,4,3,4,45,70,0,25,0,3,0,388,53
359,absol,3,,185,9,8,4,4,30,35,0,25,0,4,1,389,null
360,wynaut,3,,100,2,6,1,4,125,70,1,20,0,2,0,232,null
361,snorunt,3,,186,4,12,1,4,190,70,0,20,0,2,0,390,93
362,glalie,3,361,186,4,1,1,4,75,70,0,20,0,2,0,391,94
363,spheal,3,,187,2,3,7,4,255,70,0,20,0,4,0,393,60
364,sealeo,3,363,187,2,3,7,4,120,70,0,20,0,4,0,394,61
365,walrein,3,364,187,2,8,7,4,45,70,0,20,0,4,0,395,62
366,clamperl,3,,188,2,1,7,4,255,70,0,20,0,5,0,396,null
367,huntail,3,366,188,2,2,7,4,60,70,0,20,0,5,0,397,null
368,gorebyss,3,366,188,6,2,7,4,60,70,0,20,0,5,0,398,null
369,relicanth,3,,189,4,3,7,1,25,70,0,40,1,1,0,399,null
370,luvdisc,3,,190,6,3,7,6,225,70,0,20,0,3,0,400,null
371,bagon,3,,191,2,12,6,4,45,35,0,40,0,1,0,401,null
372,shelgon,3,371,191,9,8,6,4,45,35,0,40,0,1,0,402,null
373,salamence,3,372,191,2,8,6,4,45,35,0,40,0,1,0,403,null
374,beldum,3,,192,2,5,6,-1,3,35,0,40,0,1,0,404,82
375,metang,3,374,192,2,4,6,-1,3,35,0,40,0,1,0,405,83
376,metagross,3,375,192,2,11,6,-1,3,35,0,40,0,1,0,406,84
377,regirock,3,,193,3,12,1,-1,3,35,0,80,0,1,0,407,null
378,regice,3,,194,2,12,1,-1,3,35,0,80,0,1,0,408,null
379,registeel,3,,195,4,12,1,-1,3,35,0,80,0,1,0,409,193
380,latias,3,,196,8,9,9,8,3,90,0,120,0,1,0,410,null
381,latios,3,,197,2,9,9,0,3,90,0,120,0,1,0,411,null
382,kyogre,3,,198,2,3,7,-1,5,0,0,120,0,1,0,412,null
383,groudon,3,,199,8,6,6,-1,5,0,0,120,0,1,0,413,194
384,rayquaza,3,,200,5,2,5,-1,3,0,0,120,0,1,0,414,200
385,jirachi,3,,201,10,12,4,-1,3,100,0,120,0,1,0,415,null
386,deoxys,3,,202,8,12,5,-1,3,0,0,120,0,1,1,416,null
387,turtwig,4,,203,5,8,,1,45,70,0,20,0,4,0,417,null
388,grotle,4,387,203,5,8,,1,45,70,0,20,0,4,0,418,null
389,torterra,4,388,203,5,8,,1,45,70,0,20,0,4,0,419,null
390,chimchar,4,,204,3,6,,1,45,70,0,20,0,4,0,420,115
391,monferno,4,390,204,3,6,,1,45,70,0,20,0,4,0,421,116
392,infernape,4,391,204,3,6,,1,45,70,0,20,0,4,0,422,117
393,piplup,4,,205,2,12,,1,45,70,0,20,0,4,0,423,133
394,prinplup,4,393,205,2,6,,1,45,70,0,20,0,4,0,424,134
395,empoleon,4,394,205,2,6,,1,45,70,0,20,0,4,0,425,135
396,starly,4,,206,3,9,,4,255,70,0,15,1,4,0,426,26
397,staravia,4,396,206,3,9,,4,120,70,0,15,1,4,0,427,27
398,staraptor,4,397,206,3,9,,4,45,70,0,15,1,4,0,428,28
399,bidoof,4,,207,3,8,,4,255,70,0,15,1,2,0,429,29
400,bibarel,4,399,207,3,6,,4,127,70,0,15,1,2,0,430,30
401,kricketot,4,,208,8,12,,4,255,70,0,15,1,4,0,431,null
402,kricketune,4,401,208,8,13,,4,45,70,0,15,1,4,0,432,null
403,shinx,4,,209,2,8,,4,235,70,0,20,1,4,0,433,34
404,luxio,4,403,209,2,8,,4,120,100,0,20,1,4,0,434,35
405,luxray,4,404,209,2,8,,4,45,70,0,20,1,4,0,435,36
406,budew,4,,158,5,12,,4,255,70,1,20,0,4,0,341,null
407,roserade,4,315,158,5,12,,4,75,70,0,20,1,4,0,343,null
408,cranidos,4,,211,2,6,,1,45,70,0,30,0,5,0,436,null
409,rampardos,4,408,211,2,6,,1,45,70,0,30,0,5,0,437,null
410,shieldon,4,,212,4,8,,1,45,70,0,30,0,5,0,438,163
411,bastiodon,4,410,212,4,8,,1,45,70,0,30,0,5,0,439,164
412,burmy,4,,213,4,2,,4,120,70,0,15,0,2,1,440,null
413,wormadam,4,412,213,4,2,,8,45,70,0,15,0,2,0,441,null
414,mothim,4,412,213,10,13,,0,45,70,0,15,0,2,0,442,null
415,combee,4,,214,10,11,,1,120,70,0,15,1,4,0,443,null
416,vespiquen,4,415,214,10,9,,8,45,70,0,15,0,4,0,444,null
417,pachirisu,4,,215,9,8,,4,200,100,0,10,1,2,0,445,null
418,buizel,4,,216,3,8,,4,190,70,0,20,1,2,0,446,null
419,floatzel,4,418,216,3,8,,4,75,70,0,20,1,2,0,447,null
420,cherubi,4,,217,6,11,,4,190,70,0,20,0,2,0,448,null
421,cherrim,4,420,217,6,7,,4,75,70,0,20,0,2,1,449,null
422,shellos,4,,218,7,14,,4,190,70,0,20,0,2,0,450,null
423,gastrodon,4,422,218,7,14,,4,75,70,0,20,0,2,0,451,null
424,ambipom,4,190,93,7,6,,4,45,100,0,20,1,3,0,220,null
425,drifloon,4,,219,7,4,,4,125,70,0,30,0,6,0,452,167
426,drifblim,4,425,219,7,4,,4,60,70,0,30,0,6,0,453,168
427,buneary,4,,220,3,6,,4,190,0,0,20,0,2,0,454,null
428,lopunny,4,427,220,3,6,,4,60,140,0,20,0,2,0,455,null
429,mismagius,4,200,98,7,1,,4,45,35,0,25,0,3,0,230,184
430,honchkrow,4,198,97,1,9,,4,30,35,0,20,0,4,0,228,null
431,glameow,4,,221,4,8,,6,190,70,0,20,0,3,0,456,null
432,purugly,4,431,221,4,8,,6,75,70,0,20,0,3,0,457,null
433,chingling,4,,184,10,12,,4,120,70,1,25,0,3,0,387,52
434,stunky,4,,223,7,8,,4,225,70,0,20,0,2,0,458,null
435,skuntank,4,434,223,7,8,,4,60,70,0,20,0,2,0,459,null
436,bronzor,4,,224,5,1,,-1,255,70,0,20,0,2,0,460,null
437,bronzong,4,436,224,5,4,,-1,90,70,0,20,0,2,0,461,null
438,bonsly,4,,91,3,7,,4,255,70,1,20,0,2,0,214,null
439,mime-jr,4,,57,6,12,,4,145,70,1,25,0,2,0,139,null
440,happiny,4,,51,6,12,,8,130,140,1,40,0,3,0,126,null
441,chatot,4,,228,1,9,,4,30,35,0,20,0,4,0,462,null
442,spiritomb,4,,229,7,5,,4,100,70,0,30,0,2,0,463,187
443,gible,4,,230,2,6,,4,45,70,0,40,1,1,0,464,85
444,gabite,4,443,230,2,6,,4,45,70,0,40,1,1,0,465,86
445,garchomp,4,444,230,2,6,,4,45,70,0,40,1,1,1,466,87
446,munchlax,4,,72,1,12,,1,50,70,1,40,0,1,0,174,178
447,riolu,4,,232,2,6,,1,75,70,1,25,0,4,0,467,50
448,lucario,4,447,232,2,6,,1,45,70,0,25,0,4,1,468,51
449,hippopotas,4,,233,3,8,,4,140,70,0,30,1,1,0,469,null
450,hippowdon,4,449,233,3,8,,4,60,70,0,30,1,1,0,470,null
451,skorupi,4,,234,7,14,,4,120,70,0,20,0,1,0,471,156
452,drapion,4,451,234,7,14,,4,45,70,0,20,0,1,0,472,157
453,croagunk,4,,235,2,12,,4,140,100,0,10,1,2,0,473,88
454,toxicroak,4,453,235,2,12,,4,75,70,0,20,1,2,0,474,89
455,carnivine,4,,236,5,10,,4,200,70,0,25,0,1,0,475,186
456,finneon,4,,237,2,3,,4,190,70,0,20,1,5,0,476,null
457,lumineon,4,456,237,2,3,,4,75,70,0,20,1,5,0,477,null
458,mantyke,4,,116,2,9,,4,25,70,1,25,0,1,0,258,null
459,snover,4,,239,9,6,,4,120,70,0,20,1,1,0,478,null
460,abomasnow,4,459,239,9,6,,4,60,70,0,20,1,1,1,479,null
461,weavile,4,215,109,1,6,,4,45,35,0,20,1,4,0,246,182
462,magnezone,4,82,34,4,4,,-1,30,70,0,20,0,2,0,90,null
463,lickilicky,4,108,48,6,12,,4,30,70,0,20,0,2,0,120,null
464,rhyperior,4,112,50,4,6,,4,30,70,0,20,1,1,0,125,162
465,tangrowth,4,114,52,2,12,,4,30,70,0,20,1,2,0,130,null
466,electivire,4,125,60,10,6,,2,30,70,0,25,0,2,0,147,null
467,magmortar,4,126,61,8,6,,2,30,70,0,25,0,2,0,150,null
468,togekiss,4,176,87,9,9,,1,30,70,0,10,0,3,0,205,null
469,yanmega,4,193,95,5,13,,4,30,70,0,20,0,2,0,224,null
470,leafeon,4,133,67,5,8,,1,45,35,0,35,0,2,0,163,7
471,glaceon,4,133,67,2,8,,1,45,35,0,35,0,2,0,164,8
472,gliscor,4,207,104,7,9,,4,30,70,0,20,0,4,0,239,null
473,mamoswine,4,221,112,3,8,,4,50,70,0,20,1,1,0,253,null
474,porygon-z,4,233,68,8,4,,-1,30,70,0,20,0,2,0,168,null
475,gallade,4,281,140,9,12,,0,45,35,0,20,0,1,0,308,12
476,probopass,4,299,147,4,11,,4,60,70,0,20,0,2,0,325,null
477,dusknoir,4,356,182,1,4,,4,45,35,0,25,0,3,0,385,71
478,froslass,4,361,186,9,4,,8,75,70,0,20,0,2,0,392,95
479,rotom,4,,240,8,1,,-1,45,70,0,20,0,2,1,480,null
480,uxie,4,,241,10,6,,-1,3,140,0,80,0,1,0,481,null
481,mesprit,4,,242,6,6,,-1,3,140,0,80,0,1,0,482,null
482,azelf,4,,243,2,6,,-1,3,140,0,80,0,1,0,483,null
483,dialga,4,,244,9,8,,-1,30,0,0,120,0,1,0,484,195
484,palkia,4,,245,7,6,,-1,30,0,0,120,0,1,0,485,null
485,heatran,4,,246,3,8,,4,3,100,0,10,0,1,0,486,null
486,regigigas,4,,247,9,12,,-1,3,0,0,120,0,1,0,487,null
487,giratina,4,,248,1,10,,-1,3,0,0,120,0,1,1,488,null
488,cresselia,4,,249,10,14,,8,3,100,0,120,0,1,0,489,null
489,phione,4,,250,2,4,,-1,30,70,0,40,0,1,0,490,null
490,manaphy,4,,250,2,12,,-1,3,70,0,10,0,1,0,491,null
491,darkrai,4,,252,1,12,,-1,3,0,0,120,0,1,0,492,null
492,shaymin,4,,253,5,8,,-1,45,100,0,120,0,4,1,493,null
493,arceus,4,,254,4,8,,-1,3,0,0,120,0,1,1,494,199
494,victini,5,,255,10,12,,-1,3,100,0,120,0,1,0,495,null
495,snivy,5,,256,5,6,,1,45,70,0,20,0,4,0,496,118
496,servine,5,495,256,5,6,,1,45,70,0,20,0,4,0,497,119
497,serperior,5,496,256,5,2,,1,45,70,0,20,0,4,0,498,120
498,tepig,5,,257,8,8,,1,45,70,0,20,0,4,0,499,121
499,pignite,5,498,257,8,6,,1,45,70,0,20,0,4,0,500,122
500,emboar,5,499,257,8,6,,1,45,70,0,20,0,4,0,501,123
501,oshawott,5,,258,2,6,,1,45,70,0,20,0,4,0,502,106
502,dewott,5,501,258,2,6,,1,45,70,0,20,0,4,0,503,107
503,samurott,5,502,258,2,8,,1,45,70,0,20,0,4,0,504,108
504,patrat,5,,259,3,8,,4,255,70,0,15,0,2,0,505,null
505,watchog,5,504,259,3,6,,4,255,70,0,20,0,2,0,506,null
506,lillipup,5,,260,3,8,,4,255,70,0,15,0,4,0,507,null
507,herdier,5,506,260,4,8,,4,120,70,0,15,0,4,0,508,null
508,stoutland,5,507,260,4,8,,4,45,70,0,15,0,4,0,509,null
509,purrloin,5,,261,7,8,,4,255,70,0,20,0,2,0,510,null
510,liepard,5,509,261,7,8,,4,90,70,0,20,0,2,0,511,null
511,pansage,5,,262,5,6,,1,190,70,0,20,0,2,0,512,136
512,simisage,5,511,262,5,6,,1,75,70,0,20,0,2,0,513,137
513,pansear,5,,263,8,6,,1,190,70,0,20,0,2,0,514,138
514,simisear,5,513,263,8,6,,1,75,70,0,20,0,2,0,515,139
515,panpour,5,,264,2,6,,1,190,70,0,20,0,2,0,516,140
516,simipour,5,515,264,2,6,,1,75,70,0,20,0,2,0,517,141
517,munna,5,,265,6,8,,4,190,70,0,10,0,3,0,518,72
518,musharna,5,517,265,6,12,,4,75,70,0,10,0,3,0,519,73
519,pidove,5,,266,4,9,,4,255,70,0,15,0,4,0,520,null
520,tranquill,5,519,266,4,9,,4,120,70,0,15,0,4,0,521,null
521,unfezant,5,520,266,4,9,,4,45,70,0,15,1,4,0,522,null
522,blitzle,5,,267,1,8,,4,190,70,0,20,0,2,0,523,74
523,zebstrika,5,522,267,1,8,,4,75,70,0,20,0,2,0,524,75
524,roggenrola,5,,268,2,7,,4,255,70,0,15,0,4,0,525,40
525,boldore,5,524,268,2,10,,4,120,70,0,15,0,4,0,526,41
526,gigalith,5,525,268,2,10,,4,45,70,0,15,0,4,0,527,42
527,woobat,5,,269,2,9,,4,190,70,0,15,0,2,0,528,null
528,swoobat,5,527,269,2,9,,4,45,70,0,15,0,2,0,529,null
529,drilbur,5,,270,4,6,,4,120,70,0,20,0,2,0,530,152
530,excadrill,5,529,270,4,12,,4,60,70,0,20,0,2,0,531,153
531,audino,5,,271,6,6,,4,255,70,0,20,0,3,0,532,185
532,timburr,5,,272,4,12,,2,180,70,0,20,0,4,0,533,101
533,gurdurr,5,532,272,4,12,,2,90,70,0,20,0,4,0,534,102
534,conkeldurr,5,533,272,3,12,,2,45,70,0,20,0,4,0,535,103
535,tympole,5,,273,2,3,,4,255,70,0,20,0,4,0,536,null
536,palpitoad,5,535,273,2,6,,4,120,70,0,20,0,4,0,537,null
537,seismitoad,5,536,273,2,12,,4,45,70,0,20,0,4,0,538,null
538,throh,5,,274,8,12,,0,45,70,0,20,0,2,0,539,null
539,sawk,5,,275,2,12,,0,45,70,0,20,0,2,0,540,null
540,sewaddle,5,,276,10,14,,4,255,70,0,15,0,4,0,541,124
541,swadloon,5,540,276,5,4,,4,120,70,0,15,0,4,0,542,125
542,leavanny,5,541,276,10,12,,4,45,70,0,15,0,4,0,543,126
543,venipede,5,,277,8,14,,4,255,70,0,15,0,4,0,544,31
544,whirlipede,5,543,277,4,1,,4,120,70,0,15,0,4,0,545,32
545,scolipede,5,544,277,8,14,,4,45,70,0,20,0,4,0,546,33
546,cottonee,5,,278,5,1,,4,190,70,0,20,0,2,0,547,48
547,whimsicott,5,546,278,5,12,,4,75,70,0,20,0,2,0,548,49
548,petilil,5,,279,5,5,,8,190,70,0,20,0,2,0,549,43
549,lilligant,5,548,279,5,5,,8,75,70,0,20,0,2,0,550,44
550,basculin,5,,280,5,3,,4,25,70,0,40,0,2,0,551,null
551,sandile,5,,281,3,8,,4,180,70,0,20,0,4,0,552,66
552,krokorok,5,551,281,3,8,,4,90,70,0,20,0,4,0,553,67
553,krookodile,5,552,281,8,6,,4,45,70,0,20,0,4,0,554,68
554,darumaka,5,,282,8,12,,4,120,70,0,20,0,4,0,555,142
555,darmanitan,5,554,282,8,8,,4,60,70,0,20,0,4,1,556,143
556,maractus,5,,283,5,5,,4,255,70,0,20,0,2,0,557,null
557,dwebble,5,,284,8,14,,4,190,70,0,20,0,2,0,558,null
558,crustle,5,557,284,8,14,,4,75,70,0,20,0,2,0,559,null
559,scraggy,5,,285,10,6,,4,180,35,0,15,0,2,0,560,165
560,scrafty,5,559,285,8,6,,4,90,70,0,15,0,2,0,561,166
561,sigilyph,5,,286,1,9,,4,45,70,0,20,0,2,0,562,null
562,yamask,5,,287,1,4,,4,190,70,0,25,0,2,0,563,null
563,cofagrigus,5,562,287,10,5,,4,90,70,0,25,0,2,0,564,null
564,tirtouga,5,,288,2,8,,1,45,70,0,30,0,2,0,565,null
565,carracosta,5,564,288,2,6,,1,45,70,0,30,0,2,0,566,null
566,archen,5,,289,10,9,,1,45,70,0,30,0,2,0,567,null
567,archeops,5,566,289,10,9,,1,45,70,0,30,0,2,0,568,null
568,trubbish,5,,290,5,12,,4,190,70,0,20,0,2,0,569,null
569,garbodor,5,568,290,5,12,,4,60,70,0,20,0,2,0,570,null
570,zorua,5,,291,4,8,,1,75,70,0,25,0,4,0,571,154
571,zoroark,5,570,291,4,6,,1,45,70,0,20,0,4,0,572,155
572,minccino,5,,292,4,8,,6,255,70,0,15,0,3,0,573,96
573,cinccino,5,572,292,4,8,,6,60,70,0,15,0,3,0,574,97
574,gothita,5,,293,7,12,,6,200,70,0,20,0,4,0,575,63
575,gothorita,5,574,293,7,12,,6,100,70,0,20,0,4,0,576,64
576,gothitelle,5,575,293,7,12,,6,50,70,0,20,0,4,0,577,65
577,solosis,5,,294,5,1,,4,200,70,0,20,0,4,0,578,null
578,duosion,5,577,294,5,1,,4,100,70,0,20,0,4,0,579,null
579,reuniclus,5,578,294,5,4,,4,50,70,0,20,0,4,0,580,null
580,ducklett,5,,295,2,9,,4,190,70,0,20,0,2,0,581,null
581,swanna,5,580,295,9,9,,4,45,70,0,20,0,2,0,582,null
582,vanillite,5,,296,9,5,,4,255,70,0,20,0,1,0,583,null
583,vanillish,5,582,296,9,5,,4,120,70,0,20,0,1,0,584,null
584,vanilluxe,5,583,296,9,11,,4,45,70,0,20,0,1,0,585,null
585,deerling,5,,297,10,8,,4,190,70,0,20,0,2,1,586,null
586,sawsbuck,5,585,297,3,8,,4,75,70,0,20,0,2,1,587,null
587,emolga,5,,298,9,8,,4,200,70,0,20,0,2,0,588,180
588,karrablast,5,,299,2,12,,4,200,70,0,15,0,2,0,589,null
589,escavalier,5,588,299,4,4,,4,75,70,0,15,0,2,0,590,null
590,foongus,5,,300,9,4,,4,190,70,0,20,0,2,0,591,null
591,amoonguss,5,590,300,9,4,,4,75,70,0,20,0,2,0,592,null
592,frillish,5,,301,9,10,,4,190,70,0,20,1,2,0,593,null
593,jellicent,5,592,301,9,10,,4,60,70,0,20,1,2,0,594,null
594,alomomola,5,,302,6,3,,4,75,70,0,40,0,3,0,595,null
595,joltik,5,,303,10,14,,4,190,70,0,20,0,2,0,596,147
596,galvantula,5,595,303,10,14,,4,75,70,0,20,0,2,0,597,148
597,ferroseed,5,,304,4,1,,4,255,70,0,20,0,2,0,598,null
598,ferrothorn,5,597,304,4,10,,4,90,70,0,20,0,2,0,599,null
599,klink,5,,305,4,11,,-1,130,70,0,20,0,4,0,600,null
600,klang,5,599,305,4,11,,-1,60,70,0,20,0,4,0,601,null
601,klinklang,5,600,305,4,11,,-1,30,70,0,20,0,4,0,602,null
602,tynamo,5,,306,9,3,,4,190,70,0,20,0,1,0,603,null
603,eelektrik,5,602,306,2,3,,4,60,70,0,20,0,1,0,604,null
604,eelektross,5,603,306,2,3,,4,30,70,0,20,0,1,0,605,null
605,elgyem,5,,307,2,6,,4,255,70,0,20,0,2,0,606,null
606,beheeyem,5,605,307,3,12,,4,90,70,0,20,0,2,0,607,null
607,litwick,5,,308,9,5,,4,190,70,0,20,0,4,0,608,37
608,lampent,5,607,308,1,4,,4,90,70,0,20,0,4,0,609,38
609,chandelure,5,608,308,1,4,,4,45,70,0,20,0,4,0,610,39
610,axew,5,,309,5,6,,4,75,35,0,40,0,1,0,611,144
611,fraxure,5,610,309,5,6,,4,60,35,0,40,0,1,0,612,145
612,haxorus,5,611,309,10,6,,4,45,35,0,40,0,1,0,613,146
613,cubchoo,5,,310,9,6,,4,120,70,0,20,0,2,0,614,104
614,beartic,5,613,310,9,8,,4,60,70,0,20,0,2,0,615,105
615,cryogonal,5,,311,2,1,,-1,25,70,0,25,0,2,0,616,null
616,shelmet,5,,312,8,1,,4,200,70,0,15,0,2,0,617,null
617,accelgor,5,616,312,8,4,,4,75,70,0,15,0,2,0,618,null
618,stunfisk,5,,313,3,3,,4,75,70,0,20,0,2,0,619,null
619,mienfoo,5,,314,10,6,,4,180,70,0,25,0,4,0,620,null
620,mienshao,5,619,314,7,6,,4,45,70,0,25,0,4,0,621,null
621,druddigon,5,,315,8,6,,4,45,70,0,30,0,2,0,622,null
622,golett,5,,316,5,12,,-1,190,70,0,25,0,2,0,623,null
623,golurk,5,622,316,5,12,,-1,90,70,0,25,0,2,0,624,null
624,pawniard,5,,317,8,12,,4,120,35,0,20,0,2,0,625,158
625,bisharp,5,624,317,8,12,,4,45,35,0,20,0,2,0,626,159
626,bouffalant,5,,318,3,8,,4,45,70,0,20,0,2,0,627,null
627,rufflet,5,,319,9,9,,0,190,70,0,20,0,1,0,628,169
628,braviary,5,627,319,8,9,,0,60,70,0,20,0,1,0,629,170
629,vullaby,5,,320,3,9,,8,190,35,0,20,0,1,0,630,null
630,mandibuzz,5,629,320,3,9,,8,60,35,0,20,0,1,0,631,null
631,heatmor,5,,321,8,6,,4,90,70,0,20,0,2,0,632,null
632,durant,5,,322,4,14,,4,90,70,0,20,0,2,0,633,null
633,deino,5,,323,2,8,,4,45,35,0,40,0,1,0,634,90
634,zweilous,5,633,323,2,8,,4,45,35,0,40,0,1,0,635,91
635,hydreigon,5,634,323,2,6,,4,45,35,0,40,0,1,0,636,92
636,larvesta,5,,324,9,14,,4,45,70,0,40,0,1,0,637,173
637,volcarona,5,636,324,9,13,,4,15,70,0,40,0,1,0,638,174
638,cobalion,5,,325,2,8,,-1,3,35,0,80,0,1,0,639,null
639,terrakion,5,,326,4,8,,-1,3,35,0,80,0,1,0,640,191
640,virizion,5,,327,5,8,,-1,3,35,0,80,0,1,0,641,null
641,tornadus,5,,328,5,4,,0,3,90,0,120,0,1,1,642,null
642,thundurus,5,,329,2,4,,0,3,90,0,120,0,1,1,643,null
643,reshiram,5,,330,9,9,,-1,45,0,0,120,0,1,0,644,197
644,zekrom,5,,331,1,6,,-1,45,0,0,120,0,1,0,645,198
645,landorus,5,,332,3,4,,0,3,90,0,120,0,1,1,646,null
646,kyurem,5,,333,4,6,,-1,3,0,0,120,0,1,1,647,null
647,keldeo,5,,334,10,8,,-1,3,35,0,80,0,1,1,648,null
648,meloetta,5,,335,9,12,,-1,3,100,0,120,0,1,1,649,null
649,genesect,5,,336,7,12,,-1,3,0,0,120,0,1,1,650,null
650,chespin,6,,337,5,6,,1,45,70,0,20,0,4,0,651,null
651,quilladin,6,650,337,5,6,,1,45,70,0,20,0,4,0,652,null
652,chesnaught,6,651,337,5,6,,1,45,70,0,20,0,4,0,653,null
653,fennekin,6,,338,8,8,,1,45,70,0,20,0,4,0,654,null
654,braixen,6,653,338,8,6,,1,45,70,0,20,0,4,0,655,null
655,delphox,6,654,338,8,6,,1,45,70,0,20,0,4,0,656,null
656,froakie,6,,339,2,8,,1,45,70,0,20,0,4,0,657,null
657,frogadier,6,656,339,2,12,,1,45,70,0,20,0,4,0,658,null
658,greninja,6,657,339,2,12,,1,45,70,0,20,0,4,0,659,null
659,bunnelby,6,,340,3,6,,4,255,70,0,15,0,2,0,660,null
660,diggersby,6,659,340,3,6,,4,127,70,0,15,0,2,0,661,null
661,fletchling,6,,341,8,9,,4,255,70,0,15,0,4,0,662,null
662,fletchinder,6,661,341,8,9,,4,120,70,0,15,0,4,0,663,null
663,talonflame,6,662,341,8,9,,4,45,70,0,15,0,4,0,664,null
664,scatterbug,6,,342,1,14,,4,255,70,0,15,0,2,0,665,null
665,spewpa,6,664,342,1,5,,4,120,70,0,15,0,2,0,666,null
666,vivillon,6,665,342,1,13,,4,45,70,0,15,0,2,0,667,null
667,litleo,6,,343,3,8,,7,220,70,0,20,0,4,0,668,null
668,pyroar,6,667,343,3,8,,7,65,70,0,20,1,4,0,669,null
669,flabebe,6,,344,9,4,,8,225,70,0,20,0,2,0,670,null
670,floette,6,669,344,9,4,,8,120,70,0,20,0,2,0,671,null
671,florges,6,670,344,9,4,,8,45,70,0,20,0,2,0,672,null
672,skiddo,6,,345,3,8,,4,200,70,0,20,0,2,0,673,null
673,gogoat,6,672,345,3,8,,4,45,70,0,20,0,2,0,674,null
674,pancham,6,,346,9,6,,4,220,70,0,25,0,2,0,675,null
675,pangoro,6,674,346,9,12,,4,65,70,0,25,0,2,0,676,null
676,furfrou,6,,347,9,8,,4,160,70,0,20,0,2,1,677,null
677,espurr,6,,348,4,6,,4,190,70,0,20,0,2,0,678,null
678,meowstic,6,677,348,9,6,,4,75,70,0,20,1,2,0,679,null
679,honedge,6,,349,3,5,,4,180,70,0,20,0,2,0,680,null
680,doublade,6,679,349,3,11,,4,90,70,0,20,0,2,0,681,null
681,aegislash,6,680,349,3,5,,4,45,70,0,20,0,2,1,682,null
682,spritzee,6,,350,6,4,,4,200,70,0,20,0,2,0,683,null
683,aromatisse,6,682,350,6,12,,4,140,70,0,20,0,2,0,684,null
684,swirlix,6,,351,9,7,,4,200,70,0,20,0,2,0,685,null
685,slurpuff,6,684,351,9,12,,4,140,70,0,20,0,2,0,686,null
686,inkay,6,,352,2,10,,4,190,70,0,20,0,2,0,687,null
687,malamar,6,686,352,2,5,,4,80,70,0,20,0,2,0,688,null
688,binacle,6,,353,3,11,,4,120,70,0,20,0,2,0,689,null
689,barbaracle,6,688,353,3,11,,4,45,70,0,20,0,2,0,690,null
690,skrelp,6,,354,3,5,,4,225,70,0,20,0,2,0,691,null
691,dragalge,6,690,354,3,5,,4,55,70,0,20,0,2,0,692,null
692,clauncher,6,,355,2,14,,4,225,70,0,15,0,1,0,693,null
693,clawitzer,6,692,355,2,2,,4,55,70,0,15,0,1,0,694,null
694,helioptile,6,,356,10,6,,4,190,70,0,20,0,2,0,695,null
695,heliolisk,6,694,356,10,6,,4,75,70,0,20,0,2,0,696,null
696,tyrunt,6,,357,3,6,,1,45,70,0,30,0,2,0,697,null
697,tyrantrum,6,696,357,8,6,,1,45,70,0,30,0,2,0,698,null
698,amaura,6,,358,2,8,,1,45,70,0,30,0,2,0,699,null
699,aurorus,6,698,358,2,8,,1,45,70,0,30,0,2,0,700,null
700,sylveon,6,133,67,6,8,,1,45,70,0,35,0,2,0,165,null
701,hawlucha,6,,359,5,12,,4,100,70,0,20,0,2,0,701,null
702,dedenne,6,,360,10,6,,4,180,70,0,20,0,2,0,702,null
703,carbink,6,,361,4,1,,-1,60,70,0,25,0,1,0,703,null
704,goomy,6,,362,7,2,,4,45,35,0,40,0,1,0,704,null
705,sliggoo,6,704,362,7,2,,4,45,35,0,40,0,1,0,705,null
706,goodra,6,705,362,7,6,,4,45,35,0,40,0,1,0,706,null
707,klefki,6,,363,4,1,,4,75,70,0,20,0,3,0,707,null
708,phantump,6,,364,3,4,,4,120,70,0,20,0,2,0,708,null
709,trevenant,6,708,364,3,10,,4,60,70,0,20,0,2,0,709,null
710,pumpkaboo,6,,365,3,1,,4,120,70,0,20,0,2,0,710,null
711,gourgeist,6,710,365,3,5,,4,60,70,0,20,0,2,0,711,null
712,bergmite,6,,366,2,8,,4,190,70,0,20,0,2,0,712,null
713,avalugg,6,712,366,2,8,,4,55,70,0,20,0,2,0,713,null
714,noibat,6,,367,7,9,,4,190,70,0,20,0,2,0,714,null
715,noivern,6,714,367,7,9,,4,45,70,0,20,0,2,0,715,null
716,xerneas,6,,368,2,8,,-1,45,0,0,120,0,1,1,716,null
717,yveltal,6,,369,8,9,,-1,45,0,0,120,0,1,0,717,null
718,zygarde,6,,370,5,2,,-1,3,0,0,120,0,1,0,718,null
719,diancie,6,,371,6,4,,-1,3,70,0,25,0,1,0,719,null
720,hoopa,6,,372,7,1,,-1,3,100,0,120,0,1,0,720,null
721,volcanion,6,,373,3,1,,-1,3,100,0,120,0,1,0,721,null
